Aardvark,
Abyssinian,
AdeliePenguin,
Affenpinscher,
AfghanHound,
AfricanBushElephant,
AfricanCivet,
AfricanClawedFrog,
AfricanForestElephant,
AfricanPalmCivet,
AfricanPenguin,
AfricanTreeToad,
AfricanWildDog,
AinuDog,
AiredaleTerrier,
Akbash,
Akita,
AlaskanMalamute,
Albatross,
AldabraGiantTortoise,
Alligator,
Alpaca,
AlpineDachsbracke,
AmazonRiverDolphin,
AmericanAlsatian,
AmericanBulldog,
AmericanCockerSpaniel,
AmericanCoonhound,
AmericanEskimoDog,
AmericanFoxhound,
AmericanPitBullTerrier,
AmericanStaffordshireTerrier,
AmericanWaterSpaniel,
AmurLeopard,
AnatolianShepherdDog,
Anchovies,
Angelfish,
Ant,
Anteater,
Antelope,
AppenzellerDog,
Arapaima,
ArcticFox,
ArcticHare,
ArcticWolf,
Armadillo,
AsianElephant,
AsianGiantHornet,
AsianPalmCivet,
AsiaticBlackBear,
Aurochs,
AustralianCattleDog,
AustralianKelpieDog,
AustralianMist,
AustralianShepherd,
AustralianTerrier,
Avocet,
Axolotl,
AyeAye,
Baboon,
BactrianCamel,
Badger,
Baiji,
Balinese,
BandedPalmCivet,
Bandicoot,
Barb,
BarnOwl,
Barnacle,
Barracuda,
BarramundiFish,
BasenjiDog,
BaskingShark,
BassetFauvedeBretagne,
BassetHound,
Bat,
BavarianMountainHound,
Beagle,
Bear,
BeardedCollie,
BeardedDragon,
Beaver,
BedlingtonTerrier,
Beetle,
BelugaSturgeon,
BengalTiger,
BerneseMountainDog,
Bichir,
BichonFrise,
BiewerTerrier,
Binturong,
Bird,
BirdsOfParadise,
Birman,
Bison,
BlackMarlin,
BlackRhinoceros,
BlackRussianTerrier,
BlackWidowSpider,
Blobfish,
Bloodhound,
BlueJay,
BlueLacyDog,
BlueWhale,
Bobcat,
BologneseDog,
Bombay,
Bongo,
BonitoFish,
Bonobo,
Booby,
BorderCollie,
BorderTerrier,
BorneanOrang-utan,
BorneoElephant,
BostonTerrier
BottlenoseDolphin,
Bowfin,
BowheadWhale,
BoxerDog,
BoykinSpaniel,
BrazilianTerrier,
BritishTimber,
BrownBear,
Budgerigar,
Buffalo,
BullShark,
BullTerrier,
Bulldog,
Bullfrog,
Bullmastiff,
Bumblebee,
Burmese,
BurrowingFrog,
Butterfly,
ButterflyFish,
Caiman,
CaimanLizard,
CairnTerrier,
Camel,
CamelSpider,
CanaanDog,
CanadianEskimoDog,
Capybara,
Caracal,
CarolinaDog,
Carp,
Cassowary,
Cat,
Caterpillar,
Catfish,
CavalierKingCharlesSpaniel,
Centipede,
CeskyFousek,
Chameleon,
Chamois,
Cheetah,
ChesapeakeBayRetriever,
Chicken,
Chihuahua,
Chimaera,
Chimpanzee,
Chinchilla,
ChineseCrestedDog,
Chinook,
ChinstrapPenguin,
Chipmunk,
ChowChow,
Cichlid,
CloudedLeopard,
Clownfish,
ClumberSpaniel,
Coati,
Cockatoo,
Cockroach,
Coelacanth,
CollaredPeccary,
Collie,
ColossalSquid,
CommonBuzzard,
CommonFrog,
CommonLoon,
CommonToad,
CoopersHawk,
Coral,
Cotton-topTamarin,
Cougar,
Cow,
Coyote,
Crab,
Crab-EatingMacaque,
Crane,
CrestedPenguin,
Crocodile,
CrossRiverGorilla,
CurlyCoatedRetriever,
Cuscus,
Cuttlefish,
Dachshund,
Dalmatian,
DarwinsFrog,
Deer,
DesertTortoise,
DeutscheBracke,
Dhole,
Dingo,
Discus,
DobermanPinscher,
Dodo,
Dog,
DogoArgentino,
DogueDeBordeaux,
Dolphin,
Donkey,
Dormouse,
Dragonfish,
Dragonfly,
Drever,
DrumFish,
Duck,
Dugong,
Dunker,
DuskyDolphin,
DwarfCrocodile,
Eagle,
Earwig,
EasternGorilla,
EasternLowlandGorilla,
Echidna,
EdibleFrog,
Eel,
EgyptianMau,
ElectricEel,
Elephant,
ElephantSeal,
ElephantShrew,
EmperorPenguin,
EmperorTamarin,
Emu,
EnglishCockerSpaniel,
EnglishShepherd,
EnglishSpringerSpaniel,
EntlebucherMountainDog,
EpagneulPontAudemer,
Ermine,
EskimoDog,
EstrelaMountainDog,
Falcon,
FalseKillerWhale,
Fangtooth,
FennecFox,
Ferret,
FieldSpaniel,
FinWhale,
FinnishSpitz,
Fire-BelliedToad,
Fish,
FishingCat,
Flamingo,
FlatCoatRetriever,
Flounder,
FlukeFish,
Fly,
FlyingSquirrel,
Fossa,
Fox,
FoxTerrier,
FrenchBulldog,
Frigatebird,
FrilledLizard,
FrilledShark,
Frog,
FurSeal,
GalapagosPenguin,
GalapagosTortoise,
Gar,
Gecko,
GentooPenguin,
GeoffroysTamarin,
Gerbil,
GermanPinscher,
GermanShepherdGuide,
Gharial,
GiantAfricanLandSnail,
GiantClam,
GiantPandaBear,
GiantSchnauzer,
Gibbon,
GilaMonster,
Giraffe,
GlassLizard,
GlowWorm,
Goat,
GoblinShark,
GoldenLionTamarin,
GoldenMaskedOwl,
GoldenOriole,
GoldenRetriever,
Golden-CrownedFlyingFox,
Goose,
Gopher,
Gorilla,
Grasshopper,
GreatDane,
GreatPyrenees,
GreatWhiteShark,
GreaterSwissMountainDog,
GreenAnole,
GreenBee-Eater,
GreenlandDog,
GreyMouseLemur,
GreyReefShark,
GreySeal,
Greyhound,
GrizzlyBear,
Grouse,
GuineaFowl,
GuineaPig,
Guppy,
Hagfish,
HammerheadShark,
Hamster,
Hare,
HarpyEagle,
Harrier,
Havanese,
HawaiianCrow,
Hedgehog,
HerculesBeetle,
HermitCrab,
Heron,
Herring,
HighlandCattle,
Himalayan,
Hippopotamus,
HoneyBadger,
HoneyBee,
Hoopoe,
HornShark,
Hornbill,
HornedFrog,
Horse,
HorseshoeCrab,
HowlerMonkey,
Human,
HumboldtPenguin,
Hummingbird,
HumpbackWhale,
Hyena,
Ibis,
IbizanHound,
Iguana,
ImmortalJellyfish,
Impala,
IndianElephant,
IndianPalmSquirrel,
IndianRhinoceros,
IndianStarTortoise,
IndochineseTiger,
Indri,
Insects,
IrishSetter,
IrishWolfHound,
ItalianGreyhound,
JackRussel,
Jackal,
Jaguar,
JapaneseChin,
JapaneseMacaque,
JavanRhinoceros,
Javanese,
Jellyfish,
Jerboa,
Kakapo,
Kangaroo,
Keel-BilledToucan,
Keeshond,
KillerWhale,
KingCobra,
KingCrab,
KingPenguin,
Kingfisher,
Kiwi,
Koala,
KomodoDragon,
Krill,
Kudu,
Labradoodle,
LabradorRetriever,
Ladybug,
Lamprey,
Leaf-TailedGecko,
Lemming,
Lemur,
Leopard,
LeopardCat,
LeopardSeal,
LeopardTortoise,
Liger,
Lion,
Lionfish,
LittlePenguin,
Lizard,
Llama,
Lobster,
Long-EaredOwl,
Lungfish,
Lynx,
MacaroniPenguin,
Macaw,
MagellanicPenguin,
Magpie,
MalayanCivet,
MalayanTiger,
Maltese,
Mammals,
Manatee,
Mandrill,
ManedWolf,
MantaRay,
MarineToad,
Markhor,
Marmot,
MarshFrog,
MaskedPalmCivet,
Mastiff,
Mayfly,
Meerkat,
Megalodon,
MexicanFree-TailedBat,
Milkfish,
Millipede,
Mink,
MinkeWhale,
Mole,
Molly,
MonarchButterfly,
Mongoose,
Mongrel,
MonitorLizard,
Monkey,
Monkfish,
MonteIberiaEleuth,
Moorhen,
Moose,
MorayEel,
Moth,
MountainGorilla,
MountainLion,
Mouse,
Mule,
Muskrat,
Narwhal,
NeapolitanMastiff,
Newfoundland,
Newt,
Nightingale,
NorfolkTerrier,
NorthAmericanBlackBear,
NorthernInuitDog,
NorwegianForest,
Numbat,
NurseShark,
Ocelot,
Octopus,
Okapi,
OldEnglishSheepdog,
Olm,
Opossum,
Orang-utan,
Ostrich,
Otter,
Oyster,
Paddlefish,
Pademelon,
Pangolin,
Panther,
Parrot,
PatasMonkey,
Peacock,
Pekingese,
Pelican,
Penguin,
PereDavidsDeer,
PeregrineFalcon,
Persian,
PetitBassetGriffonVenden,
Pheasant,
PiedTamarin,
Pig,
Pika,
PikeFish,
PinkFairyArmadillo,
Piranha,
Platypus,
Pointer,
PoisonDartFrog,
PolarBear,
PondSkater,
Poodle,
PoolFrog,
Porcupine,
Porpoise,
Possum,
Prawn,
ProboscisMonkey,
Pufferfish,
Puffin,
Pug,
Puma,
PurpleEmperorButterfly,
PussMoth,
PygmyHippopotamus,
PygmyMarmoset,
Quail,
Quetzal,
Quokka,
Quoll,
Rabbit,
Raccoon,
RaccoonDog,
RadiatedTortoise,
Ragdoll,
Rat,
Rattlesnake,
RedFinch,
RedFox,
RedKneeTarantula,
RedPanda,
RedWolf,
Red-handedTamarin,
Reindeer,
Rhinoceros,
RiverTurtle,
Robin,
RockHyrax,
Rockfish,
RockhopperPenguin,
RoseateSpoonbill,
Rottweiler,
RoyalPenguin,
RussianBlue,
SaarloosWolfdog,
Saber-ToothedTiger,
Sable,
Saiga,
SaintBernard,
Salamander,
Salmon,
Samoyed,
SandLizard,
Saola,
Sardines,
Sawfish,
Scimitar-hornedOryx,
Scorpion,
ScorpionFish,
SeaDragon,
SeaLion,
SeaOtter,
SeaSlug,
SeaSquirt,
SeaTurtle,
SeaUrchin,
Seahorse,
Seal,
Serval,
Shark,
Sheep,
ShibaInu,
ShihTzu,
Shrimp,
Siamese,
SiameseFightingFish,
Siberian,
SiberianHusky,
SiberianTiger,
SilverDollar,
SkateFish,
Skunk,
Sloth,
SlowWorm,
Snail,
Snake,
SnappingTurtle,
Snowshoe,
SnowyOwl,
Somali,
SouthChinaTiger,
SpadefootToad,
Sparrow,
SpectacledBear,
SpermWhale,
SpiderMonkey,
SpinyDogfish,
SpixsMacaw,
Sponge,
Squid,
Squirrel,
SquirrelMonkey,
SriLankanElephant,
StaffordshireBullTerrier,
StagBeetle,
Starfish,
StellersSeaCow,
StickInsect,
Stingray,
Stoat,
StripedRocketFrog,
Sturgeon,
SuckerFish,
SugarGlider,
SumatranElephant,
SumatranOrang-utan,
SumatranRhinoceros,
SumatranTiger,
SunBear,
SwaiFish,
Swan,
SwedishVallhund,
Tamaskan,
Tang,
TapanuliOrang-utan,
Tapir,
Tarpon,
Tarsier,
TasmanianDevil,
TawnyOwl,
TeddyRooseveltTerrier,
Termite,
Tetra,
ThornyDevil,
TibetanMastiff,
Tiffany,
Tiger,
TigerSalamander,
TigerShark,
Tortoise,
Toucan,
TreeFrog,
Tropicbird,
Tuatara,
Turkey,
TurkishAngora,
Uakari,
Uguisu,
Umbrellabird,
Utonagan,
VampireBat,
VampireSquid,
Vaquita,
VervetMonkey,
Vulture,
Wallaby,
WalleyeFish,
Walrus,
WanderingAlbatross,
Warthog,
Wasp,
WaterBuffalo,
WaterDragon,
WaterVole,
Weasel,
WeaverFish,
WelshCorgi,
WestHighlandTerrier,
WesternGorilla,
WesternLowlandGorilla,
WhaleShark,
Whippet,
WhiteRhinoceros,
WhiteTiger,
White-FacedCapuchin,
WildBoar,
Wildebeest,
Wolf,
WolfEel,
WolfSpider,
Wolffish,
Wolverine,
Wombat,
Woodlouse,
Woodpecker,
WoollyMammoth,
WoollyMonkey,
Wrasse,
WyomingToad,
X-RayTetra,
Xerus,
Yak,
Yellow-EyedPenguin,
YorkshireTerrier,
Zebra,
ZebraShark,
Zebu,
Zonkey,
Zorse